;Entidad Federativa;Sexo;2005 Trimestre I;2005 Trimestre II;2005 Trimestre III;2005 Trimestre IV;2006 Trimestre I;2006 Trimestre II;2006 Trimestre III;2006 Trimestre IV;2007 Trimestre I;2007 Trimestre II;2007 Trimestre III;2007 Trimestre IV;2008 Trimestre I;2008 Trimestre II;2008 Trimestre III;2008 Trimestre IV;2009 Trimestre I;2009 Trimestre II;2009 Trimestre III;2009 Trimestre IV;2010 Trimestre I;2010 Trimestre II;2010 Trimestre III;2010 Trimestre IV;2011 Trimestre I;2011 Trimestre II;2011 Trimestre III;2011 Trimestre IV;2012 Trimestre I;2012 Trimestre II;2012 Trimestre III;2012 Trimestre IV;2013 Trimestre I;2013 Trimestre II;2013 Trimestre III;2013 Trimestre IV;2014 Trimestre I;2014 Trimestre II;2014 Trimestre III;2014 Trimestre IV;2015 Trimestre I;2015 Trimestre II;2015 Trimestre III;2015 Trimestre IV;2016 Trimestre I;2016 Trimestre II;2016 Trimestre III;2016 Trimestre IV;2017 Trimestre I;2017 Trimestre II;2017 Trimestre III;2017 Trimestre IV;2018 Trimestre I;2018 Trimestre II;2018 Trimestre III;2018 Trimestre IV;2019 Trimestre I;2019 Trimestre II;2019 Trimestre III;2019 Trimestre IV;2020 Trimestre I;2020 Trimestre II;2020 Trimestre III;2020 Trimestre IV;2021 Trimestre I;2021 Trimestre II;2021 Trimestre III;2021 Trimestre IV;2022 Trimestre I;2022 Trimestre II;2022 Trimestre III;2022 Trimestre IV;2023 Trimestre I;2023 Trimestre II;2023 Trimestre III;2023 Trimestre IV
1;Aguascalientes;Hombres;7956.986146279701;8049.330919582;8228.385315298601;8162.1270844699;7790.181799978401;8489.4108534327;8439.7553188696;7987.7328754889;8113.1739551946;8248.999972752801;8233.249376723701;8057.8561223707;8690.607550797;8280.8234241851;8259.6126653845;7906.0632898071;7745.7556290648;7776.7806852691;7280.7984584136;7295.8353814363;7631.3675035196;7234.9535284281;7095.2024068849005;6986.937419519601;7323.3617103447;7132.4802508962;7158.7461858469005;6554.2246056205;7233.2506269993;7075.399698529301;6954.2802923132;7310.3381196148;7123.3968941538005;7014.3755025106;6584.9025665259005;7038.4284698659;6933.452118037801;6992.1119305892;7017.6977516446;6515.672533134601;6730.4808167039;6736.8408161526;6969.2978533362;7148.299531752;7301.0813242247;7475.1040014908;7281.1157829685;7260.2861161978;7342.918035835601;7124.1596786066;7088.1803291332;6917.0182462579005;6846.3200483838;7282.341223358801;6981.4937050392;6690.1550828963;6991.775382814601;7086.8675758378;7749.5844773701;7422.616319616401;7955.5084554836;ND;7737.3140810729;7977.8141638939005;7627.076396600401;7440.6053651997;7912.679217327401;7648.109072447401;8323.8474924152;8379.5049579047;7562.8181070858;7660.3780846237005;7975.511518551501;8083.148185597101;7762.1850061767;8059.5904901032
2;Aguascalientes;Mujeres;5738.0930805403;6014.6970080631;6458.9827798264005;5927.8763382702;6003.1735065218;6218.6976764307;6159.854553848901;5509.048836079401;5810.137103476;6139.4251907073;5821.1178090793;5941.865757467001;6183.2175001632;5973.2682733018;6110.4586376862;5837.6558830197;5962.7841754963;5864.6601357851005;5766.7046546743;5343.344880923;5648.6709759831;5210.7157528501;5492.630562466;5445.9111124678;5442.7967353833;5559.181005363001;5652.5705431496;5067.4633174341;5581.7847071331;5403.8671923304;5417.2524650369005;5494.0563647059;5438.9781617658;5563.2346946624;5091.1490018567;5096.7217093827;5076.9911561081;5241.017665143901;5194.3277837301;5110.8777240092;5102.0481584255;5367.2308695282;5442.3963004416;5335.5073584166;5296.860840689;5447.551884191;5222.8940076116005;5401.8399058812;5543.3136503266005;5325.8601462361;5143.1219140365;5254.2974234333005;5540.1580270688;5426.3926982309;5164.7584333777;5281.5231308776;5533.899736090801;5427.8025963491;5792.981182033001;5609.6397406865;5955.3126434092;ND;6327.747910722101;6184.8681608288;6200.3763619783;6083.2023706101;6006.0322786524;5777.4872280736;6380.0688294694;6031.1974800616;6058.736911737;5916.811514617801;6384.733534651;6027.3264826552;6232.1555327559;6326.3780956332
3;Baja California;Hombres;11121.3324400892;11554.325486473701;11719.8649257994;11799.2715024236;11943.7299507484;12352.620809620701;12014.6008925529;11642.132796776401;11387.3790179058;11831.4433354661;11388.190067583;11142.0497132622;11586.239338257701;10797.0983632082;10715.1077822302;9760.4920658055;10003.271258416;9645.917824223701;9281.6660327109;8986.715652680201;9627.067766705;9517.9550126261;9487.3894160172;9134.2329551326;9639.3284760935;9321.1223926415;9111.8226844076;8920.9379304827;9022.8231749528;9081.0718199608;8533.3986235498;8909.567481679;8771.2055206479;8550.8031336155;8679.146509251601;8447.997470640501;8399.8672522353;8122.9031693565;7954.9685902089;8039.9734186444;8072.8319346909;8132.4232918463;7935.5670252032005;8139.4178146897;8079.398999967801;8226.7307714415;8863.9254711916;8325.3446700638;8294.2961493732;8280.8160713005;8104.330467257801;8226.2276143603;8419.8733410799;8884.415640659601;8063.0522463898005;8138.0392117618;9315.0356895493;9174.0150456339;9422.0316233272;9053.8349413297;9221.8052925931;ND;9145.193431019301;9222.4168960906;9702.4695164537;9498.5953907339;9697.5335100553;9531.697426603001;10653.652687420301;10513.3167635961;10406.833205529001;10520.641081724001;10930.0900521626;11024.2196513655;11466.6137634934;11150.548744539501
4;Baja California;Mujeres;8681.5463031984;8730.9421584255;9139.6751163288;8970.430082000601;9226.6933964037;9189.1110383392;9259.457728098201;8729.6940570439;9107.6030654162;8720.211608101301;8762.0686140428;8678.937575412201;8552.455090216801;8394.7262713509;8286.580312146;7571.7992787899;7684.0681564564;7993.2275527988;7105.1363402489005;6931.787129268;7605.4542735222;6997.3180512113;7318.5402556214;7686.9587203149;7507.497215205501;7214.591436239;7136.5209498132;6955.207296709;7351.4185741513;7064.5446523127;6959.9840384432;6947.9920286974;7160.7962397335;7225.175976485601;6935.2961679448;6788.9535286425;6715.794499079901;6958.0684974586;6642.450983129001;6331.0172244426;6426.1157513852;6534.4309865415;6474.5615091011005;6352.1095192475;6573.6474827124;6660.2785381325;6673.8086010505;6749.1211086467;6434.101344894801;6473.5371251292;6417.154625352;6495.628536076701;6714.9145047524;6629.8842475363;6563.2430493163;6575.3731034873;7497.5046422604;7395.066699329001;7419.4007384213;7164.1175454561;7853.6066249612;ND;7381.613417305301;7237.7450564108;7558.725132753;7779.3292485949005;8138.362004888901;7577.2694328809;8508.6104182084;8212.5073270718;8728.9117166326;8236.6311171471;8826.823642298501;9385.4794924544;9145.2346864507;8976.9797989079
5;Baja California Sur;Hombres;10687.5289997284;10994.352958224601;11123.7097174809;11140.5427357813;10634.3098004929;12069.1352700488;11646.069305315701;12697.486292659201;11935.532990092901;12259.2932045998;12402.737958423;13719.0665763667;12239.1636673226;13247.6999511226;11878.3154534307;11699.6301837254;11464.4396049838;10794.1827256473;10837.6521411056;10108.948890559901;9834.9981313229;10711.612937657601;10457.0755616105;10104.6271510321;10425.5536136677;10397.031253882;9859.139352688;10652.7734389917;10023.8449158884;10215.212989138501;10480.378704652201;10784.3902330957;9767.3183969957;9817.144738659601;10001.3638686583;9731.5295578554;10250.8735653075;9667.831779944201;8856.3318134406;9884.4853031897;9875.2958496926;9872.419783614401;9572.025202683;9851.855736417301;9867.7742696653;9719.607375039;10557.242067071;10518.0003002551;10423.641817965301;10476.255882736701;10417.1271090935;10167.3767764689;10439.6008608667;10632.5491976601;10662.7861582232;10382.749389906501;10453.1866934554;10483.2383814575;9895.8387159069;9983.1228367723;10312.7022306584;ND;9881.469501580601;10168.663627256401;9685.592505844901;10278.3586102189;11714.217020747301;11405.967835880201;10886.4539290071;11315.246464486401;11456.63653533;10887.651395351;11517.980554754;11974.998000400901;12022.3136250476;11809.187074798601
6;Baja California Sur;Mujeres;8162.0519699306005;8339.5241791508;7949.3605131691;8531.9226826667;8148.6349181172;9115.2317271675;8892.467860355;9388.7681350275;8340.7006826036;8619.8045769049;9365.4177775241;8774.3802701108;10687.640965923001;8813.7080315777;8263.9652855149;8328.5163869765;8425.7947326994;8329.071149859401;8910.6392925156;7411.1695927493;7630.3044880354;7598.4551297179005;7039.9224989151;7316.4310844588;7151.998521671901;7783.1854384492;7872.324150680401;8118.8260832632;7691.489549501301;8116.9510702439;8448.0311265942;8009.8102034660005;7258.3091713782005;7367.6206032681;7978.8573467243;7430.070937256501;7122.1031996202;7141.022545474901;7136.4372191436005;7209.2692202843;7167.2721461753;7588.1702382774;6903.2790551968;7214.0086638019;7547.7635915071005;7692.1943729717;7420.6585933088;8496.7193666462;7489.6248035043;7805.3014766222;8097.6846465621;7855.3246806763;7551.9384889702005;7688.991249671701;7342.3474334874;8219.018991020801;7797.765807000001;8613.6195693051;7986.7268979065;7733.9076360701;8071.591340544401;ND;7247.2543179775;7443.0049474277;7230.3166414529005;7826.4567851875;9100.4323183408;9017.566325146301;8354.4963456803;8631.8574256789;8922.1903093155;8294.4535379402;9397.824943412;8335.243185163301;8766.2456488603;8751.1655783268
7;Campeche;Hombres;6963.2501763656;6952.996602873501;6978.564226817501;7104.370542077801;7288.0848372022;7509.4726533680005;7330.9916021702;7047.5528637867;7400.0515438956;7413.9136894884;7372.5374752828;7358.8188837731;7706.0864478379;7603.0566789479;7379.3671227052;7208.0728241751;7438.4363666085;6731.5846682799;6976.756982483001;7023.3308278038;6878.3435569927005;6762.8897341882;6966.9396248494;6522.8707839146;6844.6335113888;7283.1869030884;7053.2334501425;7151.3455984732;6896.6778100962;7250.0353825876;6876.0562649035;7167.1906725215;6883.4912788775;7470.345106811;7543.1544057774;7112.4932536188;7325.2855048634;7260.1646187509;7102.8418137348;6825.8643244386;6886.457570058;7121.8958907342;6816.3216267043;6903.5123359041;6868.480989479301;6854.2538425804005;6644.4131588706005;6693.491421198601;6493.4773897698005;6027.732343851801;5993.0190341445;6287.0871639606;6226.7328978899;6368.5247401886;6175.6291189533;6077.619774411401;6251.8991055667;6486.4038966569005;6479.840707295;6369.7044775696;6575.8336859798;ND;5908.9854769465;6443.3006264252;6305.9019547216;6373.6727142119;6270.3298315652;6506.640388622201;6984.0291426223;6554.905736264201;6397.0757990968;6533.5270931712;6622.010644120401;6887.328335164801;7111.575558479501;7246.0789276131
8;Campeche;Mujeres;4837.996576559201;4792.3570815105;4887.7386519128;5464.5435471079;5347.0977688551;5472.9813858257;5513.4931910327;4975.0713781511;4957.146842011301;5347.384182087801;5511.157041174501;5577.8824484743;5420.6294784272;5601.5702216504005;5185.7539562218;4938.8482729272;5117.9658466393;5539.0024626795;4843.9644777609;5005.0637819135;5141.0034929256;5319.0746432292;5008.091573604001;5131.4617006084;5242.2453168756;5222.4179056285;5474.8129485128;5298.3678760486;5351.9579521880005;5804.8273148124;4934.860122873501;4995.7128120569005;5254.818978338601;5257.3565698985;5229.1021288561005;5438.212373764;5557.1795435648;5517.3324075015;5420.6625935734;5070.1495647531;5139.6564543446;5246.6443680903;5382.8359935613;5260.2120181589;5370.5028743023;5376.809870604;5331.623602909101;4981.8994738009005;5043.4394032389;4799.518000393;4964.4334090043;4819.7384102279;4876.9745593863;5139.5484860765;5087.2514925722;4706.7585976007;4691.768755444;4858.4296761689;4985.5005823278;4694.1037991643;4773.9696073763;ND;4931.3876752585;5037.0657134199;4992.9346873684;4792.7743715484;5247.3528666322;5056.5609103088;5284.3819782614;5257.7066436395;5052.2711635173;4995.9533497608;4983.6741024762005;5159.2249576103;5436.091414502101;5473.7870229512
9;Coahuila de Zaragoza;Hombres;9087.0113975293;9685.2441793372;9448.1064220445;9292.9920008714;9349.9127859538;9148.192390616701;9711.3042934149;8874.5566556208;9595.8570588612;9474.280494062501;9465.590162284301;8898.091945667;9042.7146621716;8656.6154381434;8613.5762643281;8387.2155520282;8110.4985917609;8366.0293539753;7875.9896893015;7696.568849223;7704.3282823395;7765.968689574001;7945.5475810318;7325.368528706001;7761.197596470601;7932.0393206005;8055.7257246121;7560.579078808901;7509.0256398045;7750.060259417301;7693.2800321287;7551.683706505401;7964.4876413904;7846.9652341473;8020.7700087202;8003.5778722049;8007.2421614649;7644.724712925;8002.9872971473005;7931.476290909601;7847.2790406377;7928.1510397477;8117.3389404761;8100.3503553781;8161.105642600601;8336.4131869422;8345.6905221266;8032.2896931277;8113.583664132901;8272.9672468961;8135.1198027563005;8254.2799352772;8123.3443191579;8380.952160521101;8405.94236165;8398.3025192811;8673.3098680529;8729.9623427262;8921.3935314715;8763.6507663888;9020.810662129901;ND;8725.7516379269;8452.1552226297;8663.841091935301;8526.6113716414;8789.5796115564;8777.4213926558;8830.906152542;8741.0684745543;8746.0901123992;8685.8611895294;9171.2885828944;9332.7462757087;9588.1652998278;9323.1023862271
10;Coahuila de Zaragoza;Mujeres;7032.6372735142;6816.4532341591;6625.969806689201;6516.1904718834;6623.739815937301;6514.0832200308005;7062.7586062088;6601.036567371;6955.607049048001;6720.6854954296;6797.1441747725;6312.5395591978;5978.9183958153;6034.7336403911;6507.7589218104;5912.075889966;5863.4330208742;5998.3095176642;5978.2608157626;5606.3474643753;5908.2337807976;5652.763062574601;5979.1859235033;5702.9924646294;5896.208416215401;5571.391046975;5659.2741320532;5581.3778065507;5727.8089630765;5637.9967232515;6048.302763469001;6041.9475047065;5991.4079358772005;6079.6835133764;6072.1900410092;5832.020295641601;5850.3070720255;5655.6204704683005;5924.0902365669;6075.3364673486;6199.556441149401;6347.2348452382;6517.925014522;6302.8872578703;6107.1518065767;6111.6933486048;6174.1041835876;5915.5842338708;6248.499502934;6351.032115752;6371.612892971801;6109.2750841785;6007.3853130156;6209.1526072913;6470.2547798935;6176.0756382604;6246.3937282940005;6724.4997126086;6819.5972710346;6560.127614689301;6857.642950987501;ND;6779.523977861901;6595.031503987901;6918.3912762181;6804.274674920201;7074.1393471559;6761.456836576101;7170.693858638;6927.9197151772005;6825.1707378488;6700.6182203575;7022.678911438;7297.5216667596005;7550.6763523619;7457.4347002902
11;Colima;Hombres;8353.7686517738;8730.2265207243;9201.2236446882;8322.4962460205;8974.8200109381;8952.6029068799;9403.5399228514;9281.5474131891;8828.0684936994;9220.00866888;8901.8092567047;8751.8221264725;9061.9594509633;8811.1820133364;8676.6255415042;8454.9903704972;8426.6350411234;7975.549989322601;8227.0805823435;7914.2428140077;8301.564991204901;8642.2037083668;8462.0078519542;8354.0965362939;8276.513854430901;8071.5754142345;7839.7093097024;7941.356150276;8066.574249478101;8368.093841985201;8389.3163206917;8081.1620461273005;8434.4413752037;8918.7962713921;7972.4281212748;8249.642803058301;8056.4673115895;7856.9854381675;7846.700531170301;7783.7471642989;7870.6935806001;7912.8322751074;7799.536256164501;7803.9410837604;7937.2788378493005;7879.010366299401;7945.1082670704;7893.4708230511005;7965.323791345;7832.8909306343;8139.1104692648005;7918.3691452875;8459.1732077859;8079.2770184215005;8651.155925639201;8023.8670734731;8216.7361311375;8211.482841549201;8273.0875457165;8224.5282776577;8244.0253327449;ND;7748.2394638768;8188.9973106526;8240.7562794889;8905.4370880267;8511.850137962001;8727.990264157701;8728.1341862219;9072.4263449964;8606.003908461;8914.1845704923;9203.5275912173;9221.9646484788;9327.4017761738;9190.7304383889
12;Colima;Mujeres;5852.6322108008;5645.8137424186;5537.3221919092;5596.8396276378;5816.7200412183;5879.4499116485;5879.5182852453;5714.4953519676;5825.5677562362;6163.1213018421;6198.6025277653;6289.6964725187;6143.3314843747;6129.6689596715005;5955.6018057922;5947.2138432325;6134.8457233518;5935.2620634193;5999.2799199027;5697.6090601438;5558.8144770715;5615.1230609772;5571.2234122375;5509.817272705301;5480.5836232395;5724.0210645474;5323.095253301;5222.129349476;5549.128687407;5403.9028047268;5334.7588282361;5589.1642143476;5464.7475079311;5421.8163970344;5793.7933730547;5374.3180996934;5382.792140319801;5229.8587781391;5237.7022361859;5273.5056419990005;5341.9179464222;5327.4649520627;5583.3974717588;5463.9337817672;5472.9236645799;5512.9789190263;5371.635428114801;5496.1824302691;5442.02996395;5259.5013586394;5406.4555195368;5394.3474124662;5360.651445473301;5519.1563509195;5770.9848800332;5530.7167540597;5511.8120100136;5657.9605735419;5621.2040102495;5576.6427245429;5727.9130620693;ND;5705.5069779653;5897.7539726927;6022.942835939601;6519.3657415514;6170.520717897;6362.5470567107;5895.863696019001;5935.1105341486;6038.7850486135;6210.9627634134;6305.5467084663005;6124.889604423301;6275.0801622511;6349.3315542122
13;Chiapas;Hombres;3501.7785842544;3387.3687877463003;3555.8065600692003;3552.8779499044003;3683.9468016051;3721.3701525737;3635.4192783413;3732.4372830896;4021.8470852721002;4048.9413267972;3973.5266408478;3955.7322029925003;3955.1330373429;3969.5253766416004;3754.1644243195;3837.0579040838;3967.941541212;3766.3468839415;4021.9095714542;3640.352810505;3695.6404533901;3540.87220691;3703.6469914608;3589.5344591516;3834.5760009017004;3858.7489143698003;3700.4117390034003;3661.1656612157003;3704.6440245189;3713.2608522211003;3697.241177503;3626.5747126156;3709.093995146;3529.8920144705003;3664.2921520603;3499.499466833;3593.7211759117004;3426.3355741515;3495.8545260627;3422.8726315307003;3570.8054128816;3517.8140933829;3483.8527103353003;3422.7884265825;3741.3746114787;3561.3496957245;3444.1137802503004;3549.0303948782002;3581.7067614053003;3550.0675755055;3321.251472066;3406.4692044367002;3466.024519483;3546.8242505030003;3462.6277777601003;3364.4985507447;3469.769394069;3320.7342814309;3278.6094392007003;3532.809505017;3639.7316691057003;ND;3455.9261421459;3845.1173511993;3770.1086853033003;3870.3782778762;3527.8406224887003;3619.3253605735003;4110.5241792906;3712.5421126302003;3586.3563892182;3971.0873868819003;4095.7313836674;4113.0990518797;3964.0562951384;4139.106022501001
14;Chiapas;Mujeres;3544.8865699127;3354.7846732838;3236.0777013503002;3285.8450002858003;3598.0327818757;3501.6208291861003;3577.1774008592;3660.6810735297;3736.4735744967;3932.1222798805;3553.4592353647;3601.7325614099;3752.1033937714;3991.7896637326003;3905.4221385871;4011.6454791844003;3767.8306746079;3850.8032290118003;3703.1491271791;3517.7090293382003;3665.3986758097003;3748.4982439721;3769.6788360794003;3892.1972316059;3852.1133080389;3725.638277383;3824.1247689921;3722.5342271177;3807.8309829373;3415.7658463438;3950.5711746314;3923.5761303157;3903.9901422853;3737.7872479711;3764.0882245186003;3698.0988519128;3962.2302339701;3554.6076055775;3922.8861969536;3823.0665826089003;4020.0397910716;4031.5467419213;3966.8966693871002;3592.6060770927;3912.818212529;3734.2741474364;3840.4762586203;3875.4301527541;3497.4193198518;3943.7677046529;3912.7542670153002;3954.9061103244003;3842.2178880954;4216.9170410043;3969.9258585782;4039.7012980094;4074.7257363582003;3603.9197734551003;3706.7175810849003;3890.5255023344002;4102.9016482935;ND;3949.6967474892003;3953.4477503824;4173.2987893683;4271.8815063099;4402.0138051799;3797.1815924697003;4035.2898634774;3868.4986489033004;3559.3904613634;3797.638358237;4049.5962312382003;4015.7794556022;4110.4768396345;4278.433220122301
15;Chihuahua;Hombres;8942.0932630998;9306.6098989907;9463.9106586832;9983.726898303901;9502.341884142901;10053.9063634167;9405.581273207301;9278.1360001701;9196.3729469653;9228.950560012501;10167.172988435701;8741.0962613767;9691.7000426193;9516.511143171201;9171.1889670239;8571.9116401763;9201.4973202125;8823.7926750866;8474.479126329701;7624.287649665001;7990.3580167830005;8375.2821034277;8245.5324885018;7668.5054728798;7644.8820794036;7548.106268165;7251.1929059734;7909.173970552801;7652.7319563825;8006.5515261317005;8291.6996083676;8049.9831631416;7746.002394486601;8317.8035466904;8004.9268358853005;8210.83419523;7868.071987237;8333.3526722917;7922.4352838973;7738.5219647878;7843.5698328014005;8472.7396487229;8508.3663370062;8802.9280529018;8658.8297922057;9235.2804733519;9552.9519016803;9364.9735748339;9735.406151794901;9045.2139345928;9309.453273428;9166.7479318069;8996.9125250209;9024.385795923301;9017.8696873162;8553.52069748;8964.3511259856;9083.7684003932;8868.9828330947;8819.6051735208;9283.2997031798;ND;9130.2700316604;8817.4683991149;9352.2272323753;8995.029580620201;8747.687612416601;8773.658860484;9319.8142274862;9390.2709030029;8928.4636375854;9049.4456053749;9643.385384102;9906.971489990001;9911.1028752108;9953.504332231001
16;Chihuahua;Mujeres;7081.4511306411005;6464.2422302952;6907.8827338307;7439.4634878509005;7596.111298501701;8393.7634084671;8373.3154484271;7727.507594011;7780.8085205186;7816.454431508801;9356.6266221241;8233.087320514;7862.8790799194;7300.8403441952005;6882.6345074555;6373.9926799211;6890.4457428325;7234.0201535193;7307.5472030782;6907.7930956086;6708.8177082894;6888.8898336559005;7086.459792448701;6190.3368055045;6439.5688950819;6089.6229527154;6850.856977113201;6458.7843229881;6640.2288760607;6600.7772047872;6844.1548248801;6704.5766596338;6383.8350575273;6239.8947789481;6834.176068005901;6679.1967755235;6492.8156656345;6455.5025640946005;6226.5098974517;6093.460588478801;6379.3582189964;6266.4022568949;6777.7770091875;6543.431898071301;7002.8994306519;7342.1407938018;7160.784745560601;7015.3309395490005;7069.938610617;7013.8405449363;7229.9957898026005;6670.656300163;6674.0615972977;6730.538090801;6783.4653773830005;6585.5442928821;7149.675655175601;6892.561454905101;6903.8471959280005;7018.8413637778;7251.436667109;ND;7168.296525445;6885.693370736701;7155.2456025958;7420.9970605559;7091.933858215801;6972.5684368514;7067.9899177454;7321.7813829538;7279.4193609996;7294.2629074711;7765.3241421328;7959.5584725474;8232.8866785281;8082.903978829901
17;Ciudad de México;Hombres;9728.5727024567;9980.9371693456;9772.0215179926;10408.3066152831;10207.0519672995;10416.3617600457;10623.990742076101;10313.009625434801;10911.576916395601;10789.303569138701;10525.1275368209;10698.7800881394;10759.5153575705;9988.216422415;9981.8629967066;10161.4326719648;9739.272309608701;10013.434618809;9589.678924729;8740.0859223573;9005.986327468301;9372.7329392352;9134.9727203506;8653.8128650089;8861.3800179275;9335.0755016314;9378.0909058956;8623.6682996773;8875.1661231082;8827.6193411787;9032.9663761258;8901.6285380672;8547.2745825073;8128.3335078577;8342.4098359378;8073.9991626989;8069.7792929631005;8189.6671201175;7667.7290489438;7497.0025992433;8221.1613534023;8111.2857201193;8690.7706650507;8030.5497254874;8125.2011788543;8594.161285030801;8750.2860151066;8819.1014886401;8193.4715025478;8749.8839313166;8499.731315078001;7779.5044155098;8486.7658179418;8453.6943764383;8372.3618519487;7907.400196393401;8223.271355017201;8240.9889241232;7822.363867263;7992.6821750628005;9242.810505372401;ND;7813.0085400999005;7938.6722656233005;8260.270068861;8580.3828964984;8182.8049491978;8369.8534410962;8445.838449236;8087.3599315885;7746.5375580521;8499.9707708847;9504.0073807887;9488.2643813353;9457.5307436353;9420.6736725791
18;Ciudad de México;Mujeres;7884.0059807802;7427.862917801101;7697.6887500064;7806.964705203;7960.7271859205;7698.5652815813;7966.6551124055;7665.0905182075;7935.8658744364;7941.7063091400005;8079.9461901319;7406.389023823001;7569.0177407066;7250.1376921772;7303.740670715601;7244.323401716801;7126.5323133124;7419.2911479342;7140.7742489258;6913.673312337501;6959.2753153286;7067.714682734901;6978.2432289065;6673.134632183001;6562.2212920057;6921.7560659511;6899.276905802501;6746.642279837601;6698.314925110601;7039.456672596;6951.0081119868;6682.3735129773;7102.3841341324005;6780.7425353443;7139.8920646704;6563.8018024937;6216.6727785616;6567.1530622405;6332.0107496076;6291.630113562101;6414.181158373401;6330.5660743388;7151.3885758998;6617.6644441723;6770.635040837;6985.9192229057;6722.038892088201;7063.8039267675;7146.6609024024;7293.9536689958;6869.719796727701;6390.3300226449;6752.5344451869005;6899.7774364152;6450.081317996101;6603.551838150101;6484.0081365074;6498.4306884214;6474.5862157163;6419.020101353501;7359.1502844805;ND;7304.4591697271;6926.2057123288005;7271.5080576073005;6784.0171308317;6519.7706592187005;6577.5627823052;7358.5154082114;7128.1526332628;6699.6793262048;7000.912085011901;7137.4135915437;7541.6133119999;7943.5798228349;7999.605754619301
19;Durango;Hombres;6153.2565793794;6082.1458329786;6180.089948429801;6384.4486184924;6533.1588362517;6675.44738557;6888.6539224861;6570.4495146659;6528.692643768501;6750.6761119046005;6441.1293179551;6738.2682816097;6789.39692944;7053.132811338501;6795.698031796201;6455.6783443276;6523.5445385915;6121.012811321701;6292.199736987401;5814.1594436297;6172.1381472586;6045.0956014203;5861.604646135101;6022.9025648523;6016.2629005399;6186.4487050546;6465.7644106332;5972.0001130508;5947.8102504422;5813.5474114572;5711.6752899701005;6096.1690842063;5996.3123453425005;6190.4523892649;5760.9826152587;5641.5715424488;5784.6674251034;5633.7944070283;5735.761051082301;5592.5596744812;5704.3065337123;5895.6227095062;6124.024202876;5961.761351924;6287.8766689543;6378.4570469916;6432.9155820317;6342.0261940165;6568.4312988527;6395.0410195834;6452.8802373129;6142.2537800761;6223.103826458901;6391.8845432334;6256.078936839101;6213.4714241234005;6509.3190239927;6948.7247292122;6811.3139081331;6742.7065983394;6959.9640824003;ND;6411.878986388;6651.1206387842;6619.7963097471;6562.5800716001;6395.914981667001;6399.530480270901;6775.7722808051;6790.313635692501;6680.1507012404;6698.7808121042;6966.5823854165;7170.4092540673;7159.0159888686;6969.8470580184
20;Durango;Mujeres;5166.1201839532005;5208.3281307829;5405.9576773744;5589.9949672324;5578.6689657431;5362.7196775262;5607.819622153001;5803.3997675375;5266.3421601653;5666.8737310885;5475.2541496141;5859.9951466556;5446.287550683301;5672.7057780686;5693.6817222513;5019.941843385101;5233.9060372925005;5542.6485752346;5399.5318185303;4881.0165083095;5115.117075467;4948.464652541;5306.1570720611;4817.0358250166;4919.6822533324;4805.798935355;5352.884255274;4558.1787003771005;4851.2210287052;5001.3781261816;4490.559436663;4319.443404661501;4635.289360291;4666.1895906386;4578.105672283;4472.7249857678;4575.7503033077;4690.6213981910005;4561.3745347092;4383.3570873757;4360.9595794008;4404.6859073489;4378.8734396152;4350.9410400319;4371.8678438515;4405.931655507;4604.8729369711;4749.744176635801;5001.0723158308;4961.5584248258;4987.7183620071;4727.107086730301;4971.1849856108;4779.3825378967;4575.6877515346005;4856.764161079101;4976.921860409;5149.3525484473;5114.2058647;5097.5454366925005;5316.7659273412;ND;5722.3947963755;5516.010829710101;5269.7420038068;5070.1495301017;5014.889691215;5099.6084920193;5394.3047266555;5573.0801317933;5232.8247303899;5331.5906426183;5542.8106993367;5579.7828405204;5727.3004287666;5340.0337828653
21;Guanajuato;Hombres;7102.0454766814;7085.8127301043005;6707.0971965413;7011.5013054738;6938.314575433;6889.1787323381;6886.7195997133;7039.2075146284005;7337.0601800173;7656.692288889701;7170.580918495701;6960.7841024619;7188.4249866579;6819.9122022177;6737.3861591326;6246.143933485901;6491.7841812761;6238.5571622029;6123.6437822011;6061.9818732654;6175.3619360605;5912.7786417273;6129.5682912217;6228.0251205349;6132.2270092479;6160.449466215;6006.1672939058;5772.0391485886;6199.650106048;5896.1180744195;5914.0235868245;6029.8789603775;6075.0102078779;5882.607581793401;6075.4126011101;5925.467470319801;5953.2436563292;5896.3378527471;5994.447200106701;6081.8200575038;5941.0949492246;6269.2510985269;6266.2052945622;6395.7619952417;6404.1610391302;6632.761625408801;6380.6931421765;6443.834667814101;6499.8027712537005;6606.4499447699;6542.392191909;6828.5790637929;7084.4867712714;6944.6423611215005;6930.7597308426;6992.7461311845;6944.8144156272;6959.8597055548;6818.4604138368;6880.7137399532;7072.233434581;ND;6513.731268974901;6750.5160624213;6836.3882960166;6542.7372857597;6569.129045281;6451.2806489785;6922.596084659301;6591.9323936428;6407.2588665706;6628.206168432001;6619.5175738719;6914.3146364269005;6665.1627460884;6889.7599991333
22;Guanajuato;Mujeres;4487.2702590949;4673.6581934634005;4364.9047817948;4626.1171315321;4748.5557094315;4935.2661267464;4856.2113684952;5026.7391370301;5164.8004841757;5035.2726316371;4954.5512052198;4555.4784858551;4789.3712891468;4509.1696366716005;4483.5666908589;4353.060859592701;4587.1856777504;4400.9582766914;4628.2927760237;4373.8638145742;4278.6965171868005;4438.9576659502;4498.8391554401005;4527.0039621004;4509.6532010233;4648.9572272496;4580.93412075;4229.7874869906;4435.2125035116005;4066.780171666;4198.239851613;4404.4077625031005;4345.7452617102;4273.7772733577;4237.1014735344;4281.7057596390005;4296.9721384261;4346.2230636039;4328.6220826596;4301.5175122116;4612.1955432703;4324.8271898567;4232.4197619666;4618.3324190182;4844.2489595363;4832.0345491676;4621.7397994551;4842.7336380548;4772.8030939571;4965.4484685309;4593.0208870431;4781.663127996901;4875.8859198207;4799.2809970708;4887.7513485299005;4846.6940085954;5162.6312591776;5098.9008393181;5063.859293778;4962.5461300114;5301.0824256060005;ND;5108.0104036471;5231.9822331277;5188.8726333187005;4871.958965636501;4712.8277321383;4826.5029728728005;5101.2698677448;4838.9619536736;4876.2755781933;4822.5189779004;4996.4609605638;5106.6524765792;4962.587491866901;5112.1215793587
23;Guerrero;Hombres;4984.3132110862;4919.435260911;4295.7137563867;4202.8581041649;5236.3656221333;4799.5389933625;4541.6882983827;4638.3354047154;4734.6068471661;4576.515463141101;4281.693795092;4276.6007308798;5092.9497208154;4825.5051574804;4217.3502327874;4028.5242074167;4507.4879698623;3901.6901241134;3611.5772264394;3761.4312774291;4402.9650086351;3824.9759779258;3560.8602974256;3560.6123563127003;4384.312093870501;3839.3123194249;3572.4615975872002;3575.9278615245003;3949.0077467818;3787.9211624541003;3366.8656487363;3416.5529331011003;3976.8871728741;3657.1521092364;3527.6971541771;3629.227452615;3953.214599208;3678.1789537258;3247.7630380675;3520.4116906578;3863.3554848796;3546.8002331613;3578.2382923728;3470.8127511791;3910.0815332698003;3608.0073338142;3252.6752433554;3353.0978787009003;4018.3125314789;3572.4648895124;3236.4171585274003;3332.8985365026;3934.3159371771003;3949.1838718198;3337.4925551564;3342.6156265078002;3959.3313555396003;3715.0082762469;3641.1903751491;3745.2255144724;4361.2903313994;ND;3701.5491825682;3725.3955397751;4147.4562820369;3917.5411572214;3691.384263746;3892.6208734119;4480.6839352011;4000.6321610005;3269.7278698442;3838.0286958852002;4329.6285056803;4483.8747325678005;4069.633177021;4077.3943976248
24;Guerrero;Mujeres;4042.7600101009;4206.4132759708;3928.2648876188;4249.6049877107;4552.119097204501;4076.3770438477;4137.5748084029;3770.9057243803;4236.6483965761;3900.7154358896;3626.5143890964;3520.1059381871;3943.5893440668;4003.6517193937;4032.677818897;3332.5371417022;4038.5316316268;3703.2891586256;3312.0750937566;3461.8191748117;3591.5889912935;3493.6356538776;3429.91196503;3260.3279014504;3648.0648124139;3352.2270551216;3383.4802092373;2980.4530959703;3369.9105800626003;3253.8925348477;3024.2492599744;3323.202268152;3641.8834670716;3706.1567488128003;3623.0873915957;3370.0208306049003;3582.192587781;3558.044110323;3187.7435527347;3481.6487485493003;3480.3871660996;3500.2457038812;3226.8532478745;3195.1133781217;3401.9710134181;3406.4436968314003;3482.0620750413;3615.4989427728;3669.4343243692;3517.8901194421;3680.8765616476003;3093.2497605824;3590.0319839173003;3284.0607632516003;3447.7450691935;3208.8778174425;3284.882546451;3310.1588275994;3351.9549397561;3383.8018507333;3601.7501511775004;ND;3136.4540103489003;4449.281557922201;4264.914936828201;3699.1681497617;3520.3015204109;3560.6360585741;3833.0732033279;3536.9568368006003;3181.7952498001;3114.8587826998;3791.9756444913;3813.4043068583;3431.0520124902;3440.3952315786
25;Hidalgo;Hombres;5715.5620728059;5922.7250622468;5402.9636707835;5617.031242580801;5353.5651744025;5602.7696477636;6052.0502771204;6073.5525620539;6153.4112263399;6184.2004031482;5891.6694131655;6130.127977965601;5683.2296500166;5846.0322377712;5859.7747699065;5584.3130150317;5706.5843905449;5549.4548108869;5444.5372924418;5647.6312415257;5388.768451468401;5418.0158196002;5834.2446471572;5447.9592994273;5591.7685192606;5693.1344503328;5229.4483329602;5679.2217592636;5392.0701579129;5858.4184255951;5619.1399301838;5493.4440111407;5014.0432748094;5926.5420199114005;5614.3030837174;5501.5554931131;5607.1005044044;5257.6576512212005;5380.641264196201;5227.385414911;5557.2944196383005;5506.8206416005005;5418.0242621049;5503.4604235999;5695.5912413853;5517.7000929027;5728.253982016;5580.3633102125;5141.3740328369;5572.4706406902005;5572.2156475267;5250.589368042401;5323.5808669306;5261.6564341978;5428.0384863687;5338.4976875403;5345.0409797835;5415.1494486971005;5184.9496349726005;5308.5729999504;5523.7224435913;ND;4977.0388988996;5469.0731376773;5630.1506729392;5800.5178649694;5552.7372557521;5556.865072057;5459.5357459509005;5832.307418434601;6129.9840201216;6510.002337959;6619.3390837174;6179.9589420408;5797.2465591557;6081.860012914
26;Hidalgo;Mujeres;3929.2187051709;3814.3254450714003;3655.0417962035003;3994.4027350979;4266.1315728788;4291.5483274782;4781.319892123201;4579.0635516064;4291.102046798;4573.828344145701;4336.590216229501;4253.0582966524;4051.604464507;4175.2335057599;4368.5799490013005;4099.7576474914;4192.3982273315005;4542.3570898994;4339.1894205464005;4121.2083930155;3994.172731816;4038.1370085557;4377.0013023737;4175.4079827846;4161.8118507086;4323.7744251937;4199.1752398097005;4345.2214668711;4400.8202289926;4466.1016837138;4385.8275248469;4368.2324204355;4413.2005888765;4290.8573990497;4493.7904533452;4365.0722451247;4506.4875706725;4410.3987365239;4450.4398686632;4129.912247480001;4475.5172372554;4376.658727597201;4218.4251942725;4098.704963897901;4406.9518688784;4346.1255759382;4508.3799931032;4498.7819876849;4264.9286483259;4005.6488199158002;4040.1597756898;3624.9348613887;3969.76474567;4032.7537728078;3777.4075759744;3925.1920785153;4189.1512378631005;3894.7986910254003;3737.6354943326;3858.6600521797;4126.4531585036;ND;3722.7284944168;4222.4941790653;4231.3480410177;4244.9343162798;4126.7698375385;4297.2140964591;4253.8843853555;4213.685757499;4342.4792759061;4476.6551784151;4814.3605048155005;4586.5062116299005;4400.9452805736;4603.9769912053
27;Jalisco;Hombres;8013.5013597295;8374.1766682328;8014.7925045083;8150.0440624463;8489.0928936117;8548.6581197216;8473.7695193818;8558.5195073561;8562.875989239901;8675.850886120501;8364.6101705299;8371.5066231905;8676.7591364704;8715.5668567051;8281.0090772146;8148.144654348201;8053.7463573974;8013.812623904801;7502.8571712977;7612.6920311082;7377.8023887293;7614.6841628539005;7240.220850804601;7376.6109118776;7506.3781274625;7415.4417748684;7176.5610548134;7206.9665185814;7188.614514648901;7414.2785003943;7205.144268711801;7434.8170879264;7435.3812568208;7539.5932396118005;7438.8153116673;7337.734167813001;7345.924208845;7604.6441998455;7531.9569085197;7032.0421515034;7328.4348779322;7301.1646964001;7640.0934150474;7352.9160607897;7599.8009946475;7463.1594217924;7584.2255518206;7534.6569022107005;7784.9101459734;7689.333361755001;7584.6077175542005;7581.9627623956;7834.5004576549;7580.3563225642;7673.7264542824005;7896.8977160307;7846.3200664172;8025.885418285;7791.8376463131;7976.389772694401;8597.0163344929;ND;8231.4336978874;8210.287502278;8457.527880494701;8215.3015197911;8120.9675436146;7854.272087864;8377.3287994662;8389.7202204224;8180.5007860583;8604.5364070897;8724.536967262;8879.1555239649;9121.379127509601;9001.3187278251
28;Jalisco;Mujeres;4954.2715011755;5232.188619422201;4964.8642091005;5055.2145490472;5543.647109205201;5761.1819483031;5593.1610415508;5467.3317962593;5640.9098111373005;5882.4459257545;5808.3831565405;5689.0701438869;5952.8919940408005;5658.6432319086;5556.4580420422;5599.5219587601005;5270.6900510456;5277.7027721772;5114.5439017051;4872.3030448982;5095.3743073258;5171.7035152964;5073.2890732121;4976.3071978864;5095.3240089428;5155.4107463072005;4982.6890007206;4988.056338639501;5170.6082775632;5354.246683835;5239.6961187238;5390.9601266427;5414.0374246355;5317.2832090319;5384.7501276066005;5213.6419062358;5190.0291097027;5372.0716049109005;5269.0074364616;5002.5051358752;5216.3029514287;5482.9494878238;5448.4822995509;5347.027837695;5542.8655841072;5441.8917376308;5583.5999765927;5570.8332436303;5640.0156515679;5483.714490287;5688.9098648406;5616.2685162298;5861.9318673683;5788.8740449359;5757.2984320715;5500.261260791301;5811.1211833231;6029.2432456092;5837.5897436825;6039.2040827347;6149.5509516967;ND;6338.4517445576;6464.5303916933;6801.5119293451;6535.488885175901;6344.1342758142;6108.356242672;6535.4822051594;6326.358339086601;6408.5597920857;6429.2213057521;6518.456095651601;6917.8173560529;6818.9741251561;6944.534294443701
29;México;Hombres;7061.952029695401;7382.6258233724;7430.2052812208;7423.0272546059;7790.7756333913;7597.5151603993;7821.6031940711;7281.4890370032;7492.1220559609;7830.472709648;7425.6264653598;7191.1781948658;7261.8270264184;7373.2072922012;7380.8541428216;6759.3052042654;7134.2849295195;7367.2599724865;7067.8446982357;6809.9581354492;7108.0819524825;7121.1490032983;7074.2060618335;7001.9890340329;7196.9716012501;7324.326942284801;7509.6571585956;6878.0705514382;7178.0346248995;7144.6728162377;6873.786900918601;6548.1165860406;7384.3920692641;6433.451464843401;6142.5681334989;6726.9628306643;6375.949852280601;6204.41792289;6164.10907735;5949.8155081787;6203.8105965748;6012.2448029656;6175.52832607;6294.3630871363;6357.6624441829;6250.1340922353;6690.9756257274;6311.9735028275;6312.345103955;6260.8425229668;6375.3134590738;6168.7721840841;6442.8116461665;6439.250393037;6195.8861916055;6245.5621660043;6412.7858245048;6357.7546187657;6265.4548046638;6382.257832998201;6677.6181391724;ND;6449.9125871868;6530.680899127;6820.2310481552;6790.5425612619;6757.8920523087;6543.054863797401;7033.0001666728;7100.5234275801;6627.4478531937;6572.501580881;7160.2627725334005;7250.4304826476;7389.5433438291;7499.360218998
30;México;Mujeres;4788.276614141901;5539.999732102;5654.4142413233;5435.577914891201;5424.7086783753;5303.9910097354;5307.0698369801;5146.6636083638;5066.33784786;5457.7666775297;5461.9355104817005;5223.0457985608;5348.2782999473;5569.4163581796;5259.7116379192;5096.2216566275;5758.2281395032005;5429.0485916705;5435.7740387879;5075.8375910845;5132.005409598601;5236.9550143085;5363.425210289201;5457.280755458;5561.074026475901;5671.6022714296005;5817.8055088678;5297.3728846821;5550.9473976339;5401.3047537731;4943.4833525416;5015.3444624829;5060.8983720874;5077.0413938449;4656.9651377671;4782.8187926549;4847.1113894567;4650.7992203663;4886.7001367165;4497.2626304878;4625.3607125220005;4484.7368190794;4491.3437679846;4397.9736080384;4767.1024336149;4868.332005400101;5178.8201541566;5010.5908309926;5003.3554846561;4908.2179148631;4977.3610877291;4744.1624403319;5095.0573975922;5129.4934493619;4926.3083929155;4770.3076472640005;5006.502028003701;4913.3880996926;4717.3592049909;4790.2667000139;5163.3694215045;ND;5240.7325861431;5538.8623357258;5669.9602825669;5544.4554579652;5413.9252526221;5483.2370187774;5438.289808839;5614.58388728;5392.8966909031005;5344.5145264538005;5839.5979939853005;5803.2902906790005;5580.1996927397;5830.5149688038
31;Michoacán de Ocampo;Hombres;6416.0632866644;6149.087189405001;5974.269126874;6135.841025298801;5705.5751096196;6178.2157667066;6215.340743178101;6560.8780135685;6485.8389289201;6483.6263311217;6465.7245858716005;6335.8645628686;6355.0210939985;6950.6845483146;6127.9903217711;6598.0516310476005;6654.6171587291;6678.631491715;6294.6393004293;6094.7687639955;6454.9562699334;6481.2370350999;6329.4663991318;6363.609907664901;6475.1591834027;6338.104060425;6131.8071344992;6374.0929146381;6269.6289151187;6569.6445393522;6206.1587399049;6128.6393101307;6477.4458960065;6082.5652579169;5711.8326550293;5730.000011642001;5984.774910468001;5731.929279621;5804.7017040083;5718.0261329916;5837.4070587085;5694.8333381637;5801.7982198463005;5692.6321645442;5846.8122825308;5735.2693383762;5670.6702620669;5780.9643251008;6121.948933997301;5826.6687342589;5755.0349775390005;5959.9792104739;6031.5820860884005;6183.8261740748;6070.6451752769;6230.2462973362;6642.3681541937;6023.3551243247;6339.072511473601;6260.175678196801;6674.2670243801;ND;6621.0908315072;6948.2820508285;6690.4977834376;6929.0329175114;6712.3563846218;6655.1980874372;6743.7325862868;7036.0031593814;6515.0737342801;6860.0975227392;6997.5662928899;7175.0915648807;6900.2754134948;7105.9843560164
32;Michoacán de Ocampo;Mujeres;4046.1670644873;4118.161975087301;3822.1674759699004;4136.0765646182;4087.8388230347;4174.1844102414;4272.7178995051;4314.8073431215;4412.2443758835;4454.718256271401;4289.59414453;4233.2635008863;4235.3420732375;4649.8069503198;4518.0070364352005;4544.9235202056;4507.6687548367;4607.3645023217005;4279.6139064777;4522.1289604197;4417.2941372532005;4420.4521015773;4577.6456903814005;5187.6130754222;4883.7591432252;4380.5363823455;4285.5771321039;4526.4661833281;4411.351985927;4474.5052343932;4326.2181968529;4286.0882059239;4492.0758259523;4393.7043127049;4394.6596318335005;4263.7078659936005;4432.6663711487;4206.8839879069;4518.563186936;4289.4743667278;4200.1731913159;4337.6622932328;4361.1412845922005;4411.3679828339;4304.221290100701;4540.2868192817;4427.2282786007;4173.6580967483005;4499.9297221279;4291.1092442942;4390.9727175808;4244.245843321401;4394.7189060631;4503.2152660466;4703.6852793482;4579.5529580985;4696.1083124896;4576.1243188048;4685.6631622978;4706.2283671305;5064.5418851183;ND;5238.1600586027;4910.332420675;5571.5345006165;5339.098511016;5636.0424338405;5332.7275727766;5504.2205866948;5477.4484446361;5025.6039537362;5098.9454667861;5107.1624078389;5252.5711679218;5202.6469249967;5208.8885836605
33;Morelos;Hombres;6637.6974193196;6583.555092657601;6541.6428997505;7180.543266673;6407.8733827886;6527.1745005170005;6792.5467351829;6807.3624698793;6653.9347494153;6948.6288218824;6710.4638292744;6409.440679954;6486.266354934301;6391.7171388584;6042.2836797002;6025.4716534297;6128.1177959392;6098.7649800734;6373.793852799;5851.709249907501;5823.5271740129;6085.0463487544;5755.1730735567;5973.7004184954;5741.3217402392;6170.5413460093005;6161.1894865909;5842.3676387755;6091.1647375287;6101.3138897573;5788.804514175;6044.8967356495;5563.2880409878;5616.2674994191;5584.2101272855;5633.7606423513;5511.1033978346;5200.671955588;5341.6897467212;5421.485018689;5530.499009161;5580.6208397726;5533.5289216977;5431.9045146665;5604.4012378364005;5505.7937564963;5520.7449526144;5266.143719155501;5578.2497988438;5330.3440256759;5426.0574804729;5250.8934568832;5243.9789183985;5305.4688008489;4975.926732459;5004.2433103062;5200.0175399822;5133.0825591502;5262.9202783972005;5056.9796920318;5466.9840549531;ND;5286.0465872915;5460.134588748901;5859.9727060451005;5849.106164812601;5556.3369629076005;5836.1411937553;5866.4888951448;6228.3523768891;5902.7752013642;6177.7454659429;6406.8578462757005;6217.0632584463;6240.961454749;6051.939275639
34;Morelos;Mujeres;4379.4372193623;4387.2006785913;4583.5073454657;4698.3415201316;4382.9272383525;4390.1673791987005;4807.9309139983;4473.1279008328;4379.8553719121;4729.7043880303;4431.165724991401;4385.5715154876;4386.2045200661005;4272.8977844484;4446.5296305822;4111.030649201;4319.875040908;4152.0870482522005;4073.4252058963;4231.7868519387;4119.2691689651;4305.2138359966;4292.2455879564;4367.272214282701;4280.888790654601;4239.9175658247;4481.9211502439;4049.1168146797;4552.6881053875;4564.445311835;4179.8823879228;4237.813370650701;4013.72799941;3897.3187712794;3936.4544390019;3921.1210744394;3806.4205634512;3683.8886808339003;3795.3399622649004;3823.7196391556004;3820.1479512726;3867.3669967471;3833.71593592;3835.2159923334;3904.8677921812;3843.0744990807;3778.2756698676003;3774.3072464179;3966.0663233749;4212.1300641404005;4019.1176943531;3568.5391642041;3660.3603246359003;3701.9943437209004;3742.6382084478;3536.0063417307;3570.2106533695;3680.7150033743;3923.7109569846;3675.6620240277;4084.5285229233;ND;3956.0239657742;3934.9811941904;4459.9201140082005;4360.1901083686;4388.9407189834;4191.3880997555;4368.0351144465;4257.1096820223;4230.7106683771;4173.7634582018;4354.7516146695;4350.0528730265005;4319.578531691101;4341.3358926071005
35;Nayarit;Hombres;6468.8680564321;6569.0628412422;6562.6761877903;6794.3061623926005;6888.4056726516;7142.5988528361;7376.727675429101;7075.190633154601;7402.9430931866;7305.1833563947;7228.757727099201;7110.2907934343;7613.5009921665005;7302.805505420601;7345.7226895071;7079.422930984;7306.341954545201;7209.434751438101;6914.8366991031;6668.579807097401;6597.8609500528;6645.766407904201;6446.0236447140005;6390.0880233712005;6484.339239411101;6366.0049904628;6536.9537364404005;6391.5109119151;6434.1010979576;6405.8903874867;6519.9073141478;6476.2459324775;6794.425675717001;6579.6017465748;6423.5464702206;6450.7997008533;6456.938707615101;6512.0131865167;6570.5096167773;6321.623325178601;6190.4946764466;6447.2662682132;6353.1532069277;6274.402867665401;6646.3309467653;6487.0964391915;6686.5018631325;6564.769489257;6593.228458587901;6668.4124050957;6332.6842708605;6742.7789417833;6776.980108898801;6982.920505464101;6873.517422059001;6606.8032209364;6852.556432866901;6753.5430224386;6625.4729555295;6680.7717831827;7048.0420195257;ND;7103.864087427501;7205.5781550162;7330.8906268759;7156.693250914001;7075.0612534312;7090.6795473887005;7353.0081900546;7363.8438213182;7187.4398851114;7322.3243823085;7425.853161234901;7745.298534010801;7673.8418959338005;7867.5685602181
36;Nayarit;Mujeres;4816.9592873965;4740.2389048405;4794.9848540196;4868.3453033875;4930.7392156339;4960.763596268001;5159.9308509381;5149.9740538096;5259.0099220239;5384.7424202505;5357.3065369874;5225.8378243936;5484.4345076303;5453.6960766775;5714.0535315479;5369.4995541483;5262.114694679401;5300.4182678786;5052.303705850401;4954.9363974933;4949.1192519233;5214.8603771436;5101.0996059628005;4918.2070511305;5026.0752131225;5156.4901421589;5190.3893025632005;5056.8882884807;5054.5929392265;5013.8457384263;4847.2144757525;4851.5200079507;4964.8827490878;5078.1693060248;5096.5223090299005;5014.9208573859005;4936.114470748;4802.4183406795;4906.761384371101;4718.0516978721;4876.647299471;4814.1300248235;4837.9817529122;4656.9020860746;5023.1438713044;4868.0825454188;5080.404952824801;4757.8659640155;4919.351013352;4870.9636723471;5071.4522569124;5141.7844076755;5036.0603207042;5076.4656643219005;4886.118291460601;4758.8924976744;4674.9219042682;4802.4528005085;4712.2691737791;4826.0539255428;5264.9990863904;ND;5522.3693055542;5215.3502513762005;5805.2248870247;5265.977758670901;5511.349106383001;5609.5787593021005;5856.170184911401;5761.8437980866;5612.766832246401;5554.4381088827;5730.3905937494;5714.3235806966;5769.5849799409;5866.7594029609
37;Nuevo León;Hombres;10758.304107482201;10944.0396371589;11037.7171068206;11115.5602045835;11299.273153678001;11192.6635106436;11499.7976967092;10936.4881448864;11009.7251447404;11193.4204732946;11539.4216693404;11135.4453211116;10898.887463245;10782.9734527746;10955.4675198271;10218.359012774;9960.203788389901;9901.755958834001;9531.8946377158;9506.7937722308;9577.9599345266;9592.496113298;9538.6904287374;9011.9026339072;8801.1331884599;9050.9519381647;8872.9799724511;9015.096008325301;8829.2593018523;8698.1006022664;9064.3253436383;8754.2994194936;8754.8534086404;8841.2442327996;8583.890937911301;8301.0974449183;8480.2358650199;8038.3206700434;8758.5228515154;8519.657240279801;8425.894182673;8173.6076433791;8656.1027976843;8506.359115122501;8505.213050471;8823.2742901611;8743.9250312867;8991.645396932001;9069.0347130887;8728.2876475617;8975.6718700987;8639.955826212;8717.016242024;8902.7124348516;9001.268472506801;8600.4347576749;8977.058214701701;9452.6677819103;9537.1345446426;9832.065648049;10263.9679910862;ND;9397.319485141401;10129.3128238553;10145.3492454606;9961.6547883724;10231.0373281884;9889.338100766001;9972.9740408706;9810.4705672666;9617.6691532867;9659.2849242669;10463.0351300134;10442.199451753;10391.5687360444;10738.491953127601
38;Nuevo León;Mujeres;7562.1636430515;7615.2449828608005;7714.7772424350005;7433.694544495101;7343.917879114;7607.2436231689;7966.875967529801;7814.8753541727;8013.1070095267005;7669.446533914101;7839.4678037064;7697.8775752166;7609.714301767301;7544.1680984820005;7401.472246056101;7162.2585150512;6779.1443940577;6950.3587373347;6772.7454302441;6764.0188489347;6899.8092638827;6873.5005519954;6889.0814800066;6619.893921126601;6736.631661549401;6569.8817063806;6489.3198689809005;6173.9493426646;6128.494332623;6144.495633872501;6434.6668416711;6185.9148634542;6589.1267215129;6444.6271183109;6352.1313176963;5991.096037866;5776.3734151046;5760.7521940788;5988.949887077601;5643.7676775982;6094.0756783055;6170.3862548487;5974.3155880038;6301.3268889699;6062.4877391143;6679.4949860325005;6261.2590600753;6320.2227006757;6508.8006079661;6469.731427585501;6365.2172499174;6174.2414401797005;6333.0354382118;6480.5396091957;6620.043606306101;6338.0051787015;6440.9581080003;6995.1032286059;7100.9953395302;7007.733846726101;7396.4499442838005;ND;7616.8829001726;7762.5253975909;8033.3623347042;7304.9164751353;7659.0024821708;7498.0362128693005;7726.2284290651005;7229.623410089001;7414.2253539491;7211.6684483227;7869.8112184623005;7753.540556359;8093.972382849401;8102.0710971417
39;Oaxaca;Hombres;4362.1603490406005;4467.3129964605005;4040.3273249204003;4337.8056307274;4125.9379117367;4460.3063892727005;4045.1167258666;4150.5002354367;4276.7003340038;4348.0233014927;4253.6878918956;4079.6016034786003;4599.5874130426;4590.0171552011;3925.417715515;3829.7423785933;3986.2389216616;3863.0643119473;3672.5374297511003;3680.9572152208;3913.2690298573;3796.6159792579;3670.9520145526003;3796.4056667961;3969.7388694913;3880.1326000178;3876.7801328054;3901.1596710795;4157.3312950824;4098.6024120026;4068.4403057509003;3957.0537546856003;4051.2343358405;3946.9278465548;3765.4860070066;3515.3196540416;3802.034121693;3601.299373136;3569.6271476693;3608.3642095845003;3737.4438540197;3790.5879407455;3719.4662073816003;3933.7913934147;3679.8030601038;3719.9043837158;3504.0157868051;3781.0836689979;3749.4432033977;3688.2247696782;3505.9854347051;3406.4769852564;3552.2648717733;3658.4709438364002;3530.1422218858;3689.8169554263;4035.4507810436003;3761.5674558126;3747.3005996989;3773.1087708522;4177.5541732499005;ND;3937.4894897207;3920.8078013256;4104.0150320215;3700.5547918812003;3919.0964012713002;3672.6192014964;4027.4443970514003;4158.057866089101;3871.4546563951003;4090.3997061781;4439.6666229031;4507.8530773286;4398.5367904048;4429.3948712065
40;Oaxaca;Mujeres;3223.1962369275;2849.0582036297;3079.0344483835;3257.3268210144;3205.564479168;3476.1589633407;3189.6221637093;3165.1707638779003;3463.3820080612;3505.3017295113;3175.3340119022;3205.8435572864;3287.8700649174;3613.1731767978004;3380.6390495615;3458.0592054652;3556.0582265390003;3289.6565027902;3066.2194832991;3055.2942704184;3174.7013204808;3308.5567030034003;3167.1125929895;3521.3462252243003;3406.1641917718002;3227.4648265043;3099.440743987;3026.9262189804003;3253.0306440589;3385.1035557186;3069.6532684428003;3171.1874570123;3404.7106470152003;3382.0072019948;3283.6356417274;3012.4055942023;3118.3664026332003;3162.9986597593;3017.0216080672003;3058.9256688205;3203.2698289243003;3169.7861748409;2996.1340903004;3044.9388934511003;3036.4970560155;2960.0534256842;2988.6493647896;3087.4934457255;3296.2363166637;2929.6980250722;3000.8156553282;3084.3085397479;3138.8197894560003;3091.9664685524003;2833.907639327;2923.1465786900003;2884.1907166401;2881.1489725769;2858.8046149353;2771.6530686307;3223.93210704;ND;3407.8357607999;3224.8446077425;3354.3203928856;3278.9059140769;3313.7865236157;3020.2876552698003;3169.5352834171;3062.0944679295003;3182.7554671187;3056.7269072813;3580.8084527572;3628.9628277483002;3462.1914010039;3620.8050714720002
41;Puebla;Hombres;5420.1165835391;5295.287350227;5420.9575158636;5543.2251576995;5647.7708500316;5206.4566898895;5541.144128443801;5527.8863463512;5414.4595737324;5615.552920576601;5624.5064810949;5408.807769261301;5587.1303761839;5439.2118981137;5530.322030377401;5289.4322733399;5414.2840813416005;5116.6337403856005;5126.7423495111;5007.706824583201;5187.3857047955;5286.8361145739;5271.6687990166;5213.7469040694;5334.3945959416005;5185.5440767949;5076.2242874449;4953.5481908027;5481.7613160392;5082.1147113523;5322.7729915897;5286.751454699101;5299.3029551487;4814.4100290171;4824.9219782092005;4851.9434344292;4969.294002434101;4767.7117112101005;4918.7510229316;4925.9720236162;5063.7794189846;5007.1487099954;4964.2445923704;5078.8162584393;5150.4961781523;5068.8756781902;5312.3325388696;4991.951538520901;5078.5508001317;5083.641864060401;5075.8141328008005;5017.857364045;5470.0632965176;5346.4262019868;5388.0142199766005;5443.8039042439;5570.5226830428;5419.8740314216;5461.0505128266;5710.945000946001;6036.9748206389;ND;4813.1109153771;5348.9571928092;5563.6964213808005;5472.105678712201;5497.9000494523;5300.7931379797;5548.5009431615;5510.0293495591;5722.179809421;5802.7135733558;5956.3053576022;5951.488128998701;6108.387844319101;5856.2778900475005
42;Puebla;Mujeres;3530.0988984361;3657.0918679218003;3595.578404324;3817.3950633704003;3711.4793641288;3694.2918979461;3632.0707429867;3633.8550608967003;3853.3721764961;3905.5859614702003;3844.7098468980003;3708.4009612437003;3966.6242086305;3668.1892203655;3829.4929486162;4153.0177774878;3778.4406482941004;3918.7737876261003;3616.9533432773;3542.1529392128;3605.2605988558003;3676.7978704682;3791.0006891675002;3596.6537081126003;4173.3922599222005;3875.3914547164;3681.2991634067002;3504.3660463814003;3862.7379481443;3802.9370038381003;3664.7786547115;3690.7021125308;4015.6218648308;3826.5560544174;3684.0759012060003;3593.3205650102;3866.9134377996;3950.3024777393002;3842.0146085105002;3782.6813308026003;3686.7187193074;3685.0440208828;3810.7362849766;3455.594568542;3667.0491825336003;3704.2153474799;3465.1447487543;3305.8175792524003;3623.4512157168;3570.7466980498;3566.0144008944003;3424.9783036822;3880.4609240771;3755.0422765344;3626.9686037361002;3644.5986067416;3865.8317948643003;3794.666677038;3819.694802024;3933.0520768826;4128.3281156884;ND;4297.453526371;3823.6917358423;3950.4872428906;4010.2616687027003;3992.8952635309;3898.5949776991;4306.7471412766;4318.072178475501;4340.3827114723;4353.5447336954;4398.6114090468;4554.584770786701;4535.9490784758;4607.3751129016
43;Querétaro;Hombres;7692.248580572001;7884.771350347401;8040.1882123937;7905.4413721312;8272.0737500381;8228.2231921192;8547.6038881682;8651.5227521204;7961.2558301637;8368.5888967389;8195.3627215609;7635.458110787;7794.7511912717;8043.2241226363;7471.9866351367;7632.978550261801;7579.4662976714;7329.2572620492;7223.035989951601;7449.903389742401;7399.1354434953;7403.551999324301;7423.9045284666;7456.6271257988;7483.8715297847;7754.5406530458;7128.6008569692;7273.984558312501;7316.7089396527;7472.092872285701;6997.8242296662;7092.1994834007;7340.5487134428;7477.8133339682;7759.8445725179;7685.6089003960005;7899.5104999643;7625.8239198431;7492.0222996866005;7550.8760666336;7636.8700600024;8347.7733161511;7759.890089186601;7303.067693067101;8055.2675728377;8082.2550356551;8296.7752381593;7969.9461204275;7985.8498166778;8105.1267123713005;7489.721301664;7692.8434324565005;8140.7748810857;8249.7424145593;8118.217026529301;8385.8742407759;8520.0454810923;8325.6100174095;8039.5107422576;8347.6085613433;8363.2964806077;ND;8090.8627844143;8312.9058719245;8507.0028037104;8332.3636755528;8216.2662806186;8497.3492854036;8833.1164970688;8947.560884001;8036.519968170201;7620.9426180379005;8025.9394140913;8641.7392142675;8115.9141547321005;8302.882382162901
44;Querétaro;Mujeres;5820.421709448;5906.7533923526;5799.3594043304;5789.5104946172005;5890.6761648569;5913.2517372376005;6093.7895915587005;6018.2649482291;6353.9711779666;6144.014656920101;6134.9556956761;5589.6047630783005;6071.899134813;6031.2058907977;5766.2391404419;5739.8422163764;5748.6933025142;5641.172814516401;5243.1442410825;5260.9738884512;5514.366507506;5608.4628453888;5609.1603144030005;5814.747686238;5540.3978729017;5972.9942033191;5523.4353552166;5480.526884211;5672.341198474301;5746.3551104169;5238.0523272399005;5605.0598999936;5641.5040098484005;5881.0199387043;6154.7112072777;5904.5486418276005;5695.1638641133;5734.1816428857;5424.340967918401;5556.9058534518;5665.1015630479005;5732.2615601548005;5970.1819842244;5666.0060762353005;6136.1882830421;6003.89687898;6069.2416996252;6005.7425599705;5984.7476950957;5674.0006160852;5364.814297482701;5829.4167552859;6231.144263967501;6461.987613963301;6327.808907526401;6307.915531298;6294.3852671928;6394.2750474602;6137.5005118988;6128.188575609301;6514.1471892804;ND;6704.5422881751;6358.3575724595;6446.2485213415;6334.1393032506;6403.6135319853;6118.5277419668;6717.0174825695;6666.983258111601;6310.9715903957;6015.8800151368005;6247.8435732339;6724.9709088108;6467.7103582418;5847.2976794187
45;Quintana Roo;Hombres;9707.1207996104;9593.7562618432;10142.5934363337;10494.0313835774;10280.3326167454;10181.5987797547;11317.4678056586;10449.374113072701;10289.8744090654;10148.136493029;10676.0657702186;10120.486376964;10912.2405998603;10524.934403954301;10224.2712744276;9144.1719441738;9774.4623726144;9173.332686876;8630.7156335592;8391.589468932001;8944.5829059071;8626.096164391;8419.6642428823;8322.7681181629;8473.7082458126;8343.9472865466;8375.050444388;8313.900450765801;8504.3115938036;8233.4523609206;8118.4582919994;7977.1223376067;8382.4684514577;8049.4934139237;8493.374601857;7626.8067162433;7692.480094961;7489.7428934411;7384.3466781588;7239.3696936992;7542.814805394601;7899.1843942644;7761.8351901894;7547.2318597043;8067.481625044;8163.7276952146;8111.5744794834;8104.3428705302;7876.5002152628;7995.3436976349;8056.3142881317;7916.9406237218;7666.5715520324;8006.9322508319;8052.0041043249;8026.0137424371005;8225.459674654101;7961.5404652753;7942.0650407507;8009.4316470032;7901.3637679877;ND;6686.339025942;7291.190782077901;7037.6986116781;7324.4587527831;7435.675704575;7507.778664676401;7736.8229680428;7815.527241469001;7773.184343773601;8135.3935267158;8191.091920290301;8490.6396631999;8603.6937556464;8739.664697210601
46;Quintana Roo;Mujeres;7239.0447984777;6463.6028083153005;6936.1866291462;7053.9744958596;6966.2039520586;7434.512260687;7381.9439346378;7148.1688885755;7157.1635587982;7251.6214816961;7324.789885459601;6705.395148271;6740.7563729734;7004.9756232898;6851.1333150989;6232.9005053891005;6964.5678854623;6602.8275510364;6668.0059169177;6278.1819169803;6361.7989557485;6842.293829894;6500.1864975831;6197.103092905901;6706.0658859088;6691.407025187;6391.2374840137;6492.0965467755;6752.929804487901;6416.1716700262;6483.8147077522;6526.2774827945;6512.4294882424;6546.4933780773;6635.487154616801;6026.390664913;6089.311309995201;5950.6136676256;6032.2894028076;6135.2592771889;6382.2244317687;6686.2305034775;6522.6466022916;6316.5084360493;6427.914677214801;6328.237742522901;6314.323507105801;6330.0767492911;6258.842024307;6012.658379943;6419.0210415185;6292.7529493061;6266.980026189301;6295.3598345604005;6383.7873151639005;6119.9051781166;6069.0270194649;6404.8967421936;6611.0845938569;6413.8014898977;6526.1155126862;ND;6082.279138337;5988.2232344634;5709.1226606046;5850.2630262018;6350.5013470446;6045.7119389744;6520.2520674180005;6086.426648116901;6274.5251121637;6194.2286879270005;6372.8246209798;6530.4417322976005;6590.670896610401;6854.3073105637
47;San Luis Potosí;Hombres;6633.1369318371;6411.415015131401;6164.2676970264;6696.9636865190005;6714.7438091645;6944.8152825105;6879.3805828227005;6349.9593238140005;6097.1892760307;6296.6841431934;6157.8626748075;5970.3856528897;6074.4164688205;6295.6068196443;6351.8857881684;6088.4512529206;6166.872914904;6204.0741060918;5822.9156068054;5588.1598798821005;5696.657725213;5667.6909630682;5698.638294487;5369.4406880166;5303.5941063103;5664.845062934401;5693.2263035817;5473.8769318592;5473.9636192358;5269.0555911019;5151.4886819082;5550.2806038512;5264.7554315522;5362.2657069904;5678.4784692975;5406.4988809519;5309.7208295184;5428.5297381394;5256.1765068643;5225.1025797935;5256.7296488178;5339.9784811107;5258.241224778701;5529.5727254801;5605.6346871522;5700.8434474685;5772.2823811014005;5240.6222119758;5702.856061620801;6081.396490812001;6140.0503186487;5705.0609576705;6142.3969580953;6185.0647366716;5884.5536272551;6085.9777652942;6036.2416269194;6044.5056117356;6189.805449667901;6148.875497914501;6623.066857870001;ND;6024.873217899601;6075.9741795211;6515.4159581781005;6368.7231801806;6321.8900999999005;6555.9449325686;6363.2676992117;6734.891736847;6544.3486378905;6479.0475814292;7199.4652868103;7212.3782577990005;7043.5984440371;7313.637389391701
48;San Luis Potosí;Mujeres;4670.3990234502;4828.0399019037;5207.2059810716;5275.3131022009;5047.200842391901;5117.8951252954;5155.8729469408;4980.3888928006;4963.8307538795;5185.5751298425;5099.2853846035005;4981.6173501329;4918.3288027224;5039.6173252055005;5208.3720722859;4974.4613099823;4759.8794527977;4827.5513929912;4918.0708576415;4512.853505330901;4791.8847109767;4750.3181771347;5018.162363737;4623.6069245621;4492.1982884993;4651.7289442049005;4650.5444574978;4615.1911766259;4778.8990741923;4450.3285274764;4445.311910616801;4691.9908534131;4839.8230722769;4639.6501681697;4876.8459190788;4614.7981315735005;4590.6513573537;4590.9189697129;4480.4067455621;4478.4435146466;4671.7080033982;4457.1387539324005;4706.2676409917;4622.1178753437;4616.2585038778;4466.6992737293;4703.6786299148;4257.2223291916;5116.6094734331;4826.6664060011;5007.5785854547;4816.861168072101;5217.9648643718;5068.035592845;5107.6487130671;5201.2845914544005;5371.6859266365;5010.1970469773005;4981.7779706489;5181.0932892437;5272.3298618873005;ND;5235.5674402631;4924.686068621901;5627.3206953634;5327.0512432695;5527.2820051703;5410.7127413217;5485.0258760509005;5442.0357095087;5333.898089308001;4960.418387083;5619.1021562425;5338.1793146549;5798.2325701355;5576.1926644531
49;Sinaloa;Hombres;7644.838840221601;7919.6691908263;8270.6691767728;8741.278498158701;8394.5326353223;8589.7502979086;8812.0111472017;8545.8956014249;8818.0836739494;9220.4919642947;9100.979085494;8818.1706181472;8685.721331907;8647.3391467332;8931.3739400798;8516.303381199801;7998.338373608601;8617.6968688874;8122.5084959211;7822.466423366401;7817.8243634508;7976.0935111292;7913.1522644871;7721.787669495;8004.1377836803;8191.7618851427005;7701.5367974438;7661.5771786922005;7707.3680596385;8048.4569113458;7307.5609322022;7922.809793971101;7957.8617818711;7826.7550863484;8209.6563267645;7548.6240459901;7801.5309846356;7327.1104190192;7707.1681092320005;7436.8391770954;7553.0753390635;8296.0374108311;8161.317448350201;8017.672489067;7657.2328642586;7826.8222617571;7568.248656450601;7899.285263492;7912.400708892001;7895.9790882894;7806.4891054340005;7903.025879104401;7840.125380276901;7828.5824071708;7816.333613880301;7668.0563551316;7706.4642070992;7660.1756168795;7930.0593939266;7971.2793243388005;7939.9897703693005;ND;7278.4276632144;7887.9202888473;7953.752855015;7999.224889298201;8221.2086617458;8275.3000581905;8373.3958240231;8611.2655386047;8770.0480405881;8431.5093534677;8946.4429909721;8920.9457646663;9252.1127457086;9338.203104554
50;Sinaloa;Mujeres;5311.5774196785005;5187.196100635801;5893.0248624189;5666.4834941656;5939.975159826;6026.4632120618;6112.011532797001;6224.1014820939;6432.0430612446;6013.3466600531;6621.7974825266;6268.1722073579;6028.7004600058;6303.7626277208;6254.8252853131;5980.5056952346;6105.5892179145;5966.4979484947;6222.7192204022;5762.9276127776;5893.7867625882;6036.5103077941;6262.9810265904;5710.5280073949;6032.3833180405;5922.6298863241;5921.8520556563;5437.4924210334;5707.8731113819;5446.8826190908;5439.0347693161;5621.055809038;6056.5140585025;5698.629679206901;6114.7360852141;5629.2541309328;5733.8721664089;5621.8257799633;5696.2394201546;5746.8900634326;5880.8232514273;5935.5281524554;6969.677317931901;6608.2605576034;5504.4757683621;5827.072340292801;5607.275674833801;5698.5616538958;5785.2812152024;5810.537008381701;5708.8765421241005;5667.2719121224;5909.491284438001;6069.0436954862;5976.7243701615;5839.017489933301;5855.5686078913;5838.0514794847;6026.409221630301;5932.5273716017;6106.6473390597;ND;6772.0402237172;6712.4225630808005;6691.3756655663;6511.9378232566005;6102.0494466296;6085.745806378;6596.8073273325;6558.4340629163;6374.993430025001;6537.035146497;6886.0511122546;6820.7310955158;7046.365514341001;6850.7512852575
51;Sonora;Hombres;9361.392689661401;9508.3619089123;9674.3623868781;9553.545100884501;9920.5877664528;9803.6115892995;10098.3922234055;10252.8473362638;9845.5434959961;10204.296095786;9899.040999266601;9356.7671821432;10048.874905608;9693.0450039573;9396.207581275601;8778.2805371646;9153.6167426148;9009.319719771;9127.092190267;8088.374026856401;9390.1810427988;8372.4398374684;7971.043018743;8367.1407192637;7992.7602765875;8484.048636075;8400.5831735478;7943.1408839424;7737.602469066201;7587.0245884481;7947.4189966224;7867.8934221626005;10020.3450372815;8306.8205887653;8651.5455437327;8256.5854565379;8520.0904582258;8312.5648580859;8521.2531003295;8288.353373291;8114.4917707072;8415.8394673005;8022.218636233801;8387.2923747554;8443.3839620939;8485.274179436501;8109.8016144244;8538.4605608652;8727.245312815601;8450.5547469868;8335.3221505896;8392.9277226132;8323.0470959806;8491.4668927977;8139.5474252103;8213.8749669683;8180.8885230691;8249.0880304788;8479.1563735734;8077.9844821774;8271.4898880586;ND;8220.8770016891;8173.142785625901;8445.2650765514;8301.215073862;8102.6001959404;8164.104648231;8459.1321089127;8314.9826297071;8096.9580266591;8425.1742866935;8720.192418401;8756.8196069755;8587.5848373571;9027.1595599293
52;Sonora;Mujeres;6948.8379700272;6390.9550032468005;6613.4500659522;7143.5253666006;6890.192711929501;7333.7572853267;6872.152547855801;7143.4981251501;6956.4141255636005;7079.416009696501;7299.3610351114;6758.1150237702;6994.0946193087;7273.5591094642;7255.6443523875005;6828.0943709676;6667.3810514582;6826.688187673701;6657.0335950007;6021.966207721301;6468.8034676109;6592.4216018718;6342.6701379317;6289.4881200439;5914.329504410301;6025.5991890755;5364.327903008901;5646.4731180231;6198.6668061241;5929.6616260675;6157.7074617197;5937.2390115792;6346.4054558905;5998.1114379507;6447.214276835;6113.7583718014;6479.3003965197;6399.2991774464;6231.566652385501;6236.0468171503;6036.1662992444;6169.9086517901005;5983.4840796726;5708.3537272914;5794.214975118;6071.0274674468;5968.2853582505;5882.8036840193;6052.1975276824005;5800.3747040094;5869.8675688992;5939.5413542003;5956.8814637703;6139.3088933103;6429.7824558514;6494.8794078252;6405.626745615;6209.9352215333;6512.9038658462005;6413.2141448022;6376.4705306486;ND;6500.853143920001;6472.6744459635;6455.8854052802;6631.659844233101;6338.3144801376;6044.0588824277;6581.1189916205;6389.8391039127;6192.4161360869;6213.2205563087;7000.8131338021;6841.313300814601;6961.898346478801;6851.4508004333
53;Tabasco;Hombres;6756.0936776798;6830.4006210421;6935.6806631828;7015.1694723898;7298.5727996602;7709.7912143482;8231.3748137833;8069.0898281646005;7502.314318436001;7974.4994888807005;7543.4823979039;7691.717238696;7805.2497854517005;7890.9660101963;7552.7619423385;7638.295784365;7570.0704286841;7350.0333436091005;7059.0203055253005;7367.9727894697;7410.237661854;7174.705509733701;7146.1429397548;6863.5748269173;6950.9558584426;6534.2621059676;6627.6772871405;6743.9471869969;7151.7103835004;7136.2741675767;7137.181946196701;7183.8886376139;7255.103549794901;6833.4399434457;6571.959902487701;6770.8401478172;6903.516757719401;6700.89530975;6708.224050945901;6756.4326607082;6943.758458686901;6786.5428306265;6972.2656691712;6692.5892458226;6754.6932384188;6340.0475419692;6290.9233500539;5781.9618007439;6408.7352186117005;6003.917337423;5643.5211535902;5709.82991803;6066.5166772781;5775.4255040513;5586.9050568105;5608.7194299101;6142.1490768404;6082.3777687585;6088.9819014547;6104.2484138367;6423.3398822491;ND;5738.6846339966005;5834.0481272598;6308.5813018746;6089.7749967093005;6355.8775353798;6307.6948814405005;6442.3267032937;6554.7672264399;6513.3735784947;6699.0200534900005;6961.200179109001;6834.4963215886;7597.3111829308;7058.8104823136
54;Tabasco;Mujeres;5860.727534477101;5483.6447650236005;5830.4772763229;6378.8993731228;6112.6886464125;6047.1454814391;6347.2497309901;6105.8831080687005;5641.047502289401;5730.4730832805;6078.5081920496;5180.8464169552;5806.7892953802;6019.8114987007;6339.179479825701;5782.9545516504;5608.3880833578005;5835.8560786392;5287.1185229632;5774.3309588444;4942.886254192;5030.7410144665;5067.1922254218;5209.809845302801;5096.2228179042;4982.8483684205;5173.5753020975;4938.219689639101;5216.6497909143;5269.6838020258;5274.2088846606;5517.5327853292;5737.6165247851;5014.1342566138;5399.0568055125;5428.4867247707;5399.2887440112;5162.7192210508;5393.588426598601;5082.2991524086;5508.1265850466;4955.603748155;5022.7734051046;5031.925374317901;5198.095839874401;4651.3005651351;4781.9724251934;4316.7878439386;4728.4285840288;4794.4090112391;4281.9040464838;4446.8760278008;4521.134645416701;4786.0648869715005;4496.115478843601;4572.3480319827;4642.1993904208;4426.6756249231;4378.3044079719;4750.2085922127;4999.625805473001;ND;5265.2227112366;4864.1549516686;5018.0184419351;4754.771094429;5125.2389848903;4970.9073188825005;4982.837871572;5102.5208556641;4769.5382560452;4966.0163449855;5011.048457875901;4933.3118163728;5402.7347093416;5234.483560051201
55;Tamaulipas;Hombres;10139.235617759701;8665.0734468194;8892.4843791317;9334.2902326605;9261.8277964789;9907.111156802;9792.972607275;10579.2100338455;9333.9779960067;9383.474499937;9434.6134434943;9401.4545344367;9287.441850229001;9311.7012253193;9355.308262451;9117.7739810145;9246.54088818;8544.8090185867;8488.761120016301;7904.0092397926;8208.6906908537;7730.4768617146;7465.2096121012;7586.6533893846;7701.409029264601;6913.3244511518005;7145.1640759844;6549.9522598439;7069.6336935845;7164.4135336;6989.8772098802;6811.7281322474;7145.5086178406;7089.5151542043;6849.5821388038;6737.9871710913;6782.0906384188;6696.4240548692005;6606.7495501389;7036.271012828201;6903.7369385328;6851.1285797429;6687.4595066702;6782.4152296491;6999.6107363741;7010.9017975936;7212.8449009828;7206.887935131001;6725.2960787101;6914.3677053757;6712.7573744582005;6601.246724250101;7225.3620592723;7121.425904800601;7299.5152318472;6837.388515421801;7224.210599353601;7554.592689814401;7435.903541436301;7369.1761264671;7585.9076234815;ND;7455.125030627801;7304.4082195345;7649.048818469701;7501.8033830345;7665.8801106937;7501.9196592354;7878.6525865489;7973.100062915901;8060.4436558565;8246.892251052;8623.3644106668;8242.4688322098;8757.1171128211;8645.9139223629
56;Tamaulipas;Mujeres;6375.5967869024;5925.0966028285;6530.6425193656005;8797.462359033001;6786.3339209737005;6986.351834161001;6892.5197628688;6960.238911847;6734.602787261901;6348.5126148755;6865.1792888806;6527.4020512361;6279.6398911141005;6402.9222046697005;6738.2833752127;6091.1763205384;6623.1225342392;6307.9477775328005;6274.1626503008;5989.6859629654;5825.2916647090005;5570.9198724208;5446.4773403787;5452.442035601301;5835.0754607189;5737.7375778313;5191.4704080005;5038.6819504427;5103.7663595386;5237.7647929154;5254.6862725049;5383.519744233;5453.6039188727;5316.2820451933;5007.508364276;4800.309896264001;5369.2110263715;5078.1388320020005;5014.3774568516;4917.2583458517;5101.2525238565;4949.3328027748;4995.4777016457;5008.460489398401;4959.1937835287;5075.209592469901;5256.887955918301;5128.5299853426;5278.961670965;5208.79587232;5038.0387878623005;5194.535363956;5353.344904151801;5415.5858911026;5502.9499970718;5155.025368084201;5679.8358370556;5805.4928213357;5636.8360306524;5668.9807434156;5637.5548917965;ND;6049.5837308692;5691.1841041901;5976.5983327575;5782.7117035354;6033.3891389378;5912.8835136802;6321.6837062159;6421.4582932591;6360.7039876367;6278.7903514832005;6584.869447119;6613.6871435311;6680.2138728879;6908.4354843499
57;Tlaxcala;Hombres;5429.9355986572;5631.2600164588;5435.0765993056;5330.079870912;5729.9265992677;5483.2308344154;5450.5422505519;5309.7041558499;5629.6497762458;5643.4836331178;5495.620030057;5579.0489329909005;5643.1399695266;5733.118028313001;5461.3859406457;5286.5197357785;5252.8101706427005;4961.0349463682005;4760.764591949101;4772.9362918692;4862.8799445089;4858.1069914664;5212.7756021886;5001.6529087319;5078.0737003828;5508.6341200958;5052.845584872201;5140.6170832334;5253.4582319788005;4918.6284769437;5209.6872879247;4972.348827560801;5139.1039463969;5012.4642474661005;4870.489603634001;4935.610747812801;5011.59269537;4708.4574584224;4843.5355953935;4870.3526229413;5154.672874547;5045.1919846309;5065.0438094739;5097.3936552676005;5269.8110210764;5316.4122623761;5130.626599834;5128.6435883172;5080.5628350789;5108.7228124039;5307.127836373;5183.0943865104;5437.1965138814;5467.1148295149005;5337.6654070328;5167.8800543957;5097.4359306397;5130.4356450057;5143.2159258099;5382.4260294364;5267.5168824966;ND;5083.9899425685;5105.2710469028;5174.7027447277005;5205.548735469;5200.7036362183;5304.056970600101;5433.4277103184;5512.4011458971;5502.1797836498;5524.0317235801;5684.717424694701;5827.0240997437;5736.432430016001;5771.1295801336
58;Tlaxcala;Mujeres;4191.4288630453;4147.0225723603;3874.0334565252;4012.2704856288;4302.8263604491;3980.8047507196;4069.675113366;3763.9191692448003;4080.8952689514003;4174.48302177;3964.9083646794;4116.3492461348005;4070.9936280056;4020.2296583662;4331.4437396874;3796.4978765859;3978.4335226625003;3738.8016886808;3779.074059817;3623.4523484066003;3929.9396511748;3856.5365471543;3760.4271199646;3926.3283653194003;3993.1124094815;4090.0564375604004;3883.3279048665;3850.3167164639003;3944.4763094583;3815.1209554248003;4024.0891231783003;3910.5821913558;3863.5647061286;3733.0883416059;3879.4259833884003;3668.3477568622;3774.8992888369003;3594.1385392063003;3629.4735466929;3679.3661647464;3750.1960926636;3624.4646724782;3749.0182743995;3723.5233940472003;3782.245731931;3746.3067047537;3895.5651667855;3577.0542081020003;3713.1318698016003;3758.497450976;3901.2242047941;3689.3882898854004;3844.9434610910002;3671.3203510013;3748.967448928;3580.1787512097003;3535.5847609794;3789.6210584698;3792.4160257168;3898.8056167227;4055.6422836714;ND;3968.8285981921003;3678.5704246045;3838.7242693625003;3882.9707404495;3720.4516338974;3822.8674859172;3870.9142945910003;4129.236451642801;4081.3037855886;4060.6682629690004;4162.780942041;4298.548288908501;4092.4898619926003;4242.5953389721
59;Veracruz de Ignacio de la Llave;Hombres;7199.1240646829;5780.8284280464;5439.530819949;5941.6982143724;5741.9847016451;6133.8171651113;5974.2880614876;5888.5980786502005;5844.4822475716;6007.0316724788;5880.4091033628;5905.7424233385;6073.4606537808;5910.2917062341;6079.7583470284;5971.5767003751;5904.0800391103;6162.3785637669;5877.6545991261;5772.8948208734;6188.2263829202;5784.7595166449;5955.585426776101;5878.674666621;5844.1532660042;5563.8643407939;5889.7598233421;5498.2727424649;5906.2756208542005;5883.1990075529;5620.9942088516;6061.4699982166;5693.4903303603005;5909.0351819259;5757.8009093517;5985.1177591767;5277.2936071796;5391.7816831553;5060.9529047747;4862.7871097747;5109.2137135278;5308.6536077281;5150.1178193054;5064.9947776436;5406.1050975886;5362.008154082;5343.5595126415;5166.7794415087;5115.0050743984;5028.794992466001;4930.0803000782;5021.8458580711;5126.2638520216005;5167.1377435952;5204.7511414486;4930.7943727469;5288.4897508805;5100.3974794131;4868.2898789413;4982.1164940797;5342.641420481;ND;5242.9416090836;5331.8939275536;5531.1571330602;5497.686016297001;5412.3058794888;5066.1525050475;5531.054216606401;5306.9710816699;5289.193912209;5322.5134679352;5460.060731759901;5247.5825473589;5825.8905737634;5617.4466320057
60;Veracruz de Ignacio de la Llave;Mujeres;4498.3189537729;4387.9442019113;4601.9932170286;4552.9436146933;4992.1872689529;4936.301296495;4805.1224831175;4586.3274905424005;4502.6928459818;4599.9652584581;4752.6432949717;4513.8112462003;4515.9948387408;4454.0091321864;4659.5298435267005;4647.3621207944;4720.047752535;4962.1051957165;4775.6693754115;4472.7950392113;4611.9466596119;4714.9367836950005;4739.972164844;4868.4508922437;5218.3963143964;4666.7703184905;4564.4724348337;4252.8695524512;4608.7402707147;4594.8980461435;4576.1789417488;4775.8363392581;4508.3102495302;4666.644642823;4832.5168833774005;4576.5889648797;4801.6732377568005;4637.030828124401;4444.2397402649;4172.2000572948;4260.0913913437;4522.831756712801;4623.7216958153;4334.7494965748;4459.2306776981;4412.0552713744;4128.6815996585;4106.4325524584;3953.6160554116;4227.6190880096;4071.0281706753003;4243.8619885542;4356.159592263501;4384.673555259;4323.6448128182;4019.8819081654;3949.7017395774;4330.3945484089;3992.4498336353004;4066.737931335;4312.6928684283;ND;5024.912936469;4403.3868008791005;4834.2270611987005;4347.6104938341;4433.1806582336;4101.6167736811;4948.8096196985;4765.2700958078;5136.8267302416;4350.3951578525;4784.17991179;4346.1110935521;4791.3350961222;4604.5775493697
61;Yucatán;Hombres;6391.683818844001;6359.2156807412;6184.0568235572;6282.9930299492;6441.5263720876;6129.5309994750005;6801.6697492637;6322.5842833043;6612.1065683483;6992.8227464395;6365.5248935378;6531.4457203853;6601.564971550501;6404.5725031552;6366.4428163756;6077.757844445;6325.3275986952;6062.5635030135;6023.9455989296;6086.0285524281;6095.4860878295;6063.230547906201;6228.9815306351;6430.6158035566;6247.444932559;6008.4894802946;6233.5842310751;5947.602338114;6072.2391642394;6134.7664118531;6183.9818990327;6041.4066641615;5836.7916759982;6457.1962033154;6304.2826357806;6241.3512982979;5971.9106658085;5773.253765829701;5827.4625483811005;5991.897667582;5863.189496185601;6087.8537511583;6207.255264463201;5937.106273881201;6043.149648829401;6095.2654366694005;6106.2344610031005;6283.727377764;6256.668615572;6232.3713456691;6202.395086989301;6388.9771872432;6137.5247884984;6372.2420650031;6349.6934855255;6529.0024411859;6432.220142797601;6523.4293939717;6675.4260916098;6596.0029337197;6778.7274047048;ND;6728.506021418701;6698.6424469012;6799.1365571364;6807.5997901886;6625.448485959901;6468.6874738341;7035.339854360301;6717.3633456937005;6778.2501024189005;6928.7328939683;7372.386073792;7492.136704194901;7622.740836933101;7603.3476145248005
62;Yucatán;Mujeres;4319.3577862965;4354.3423331973;4415.4016487774;4319.5166557092;4376.7763708312;4426.8834609407;4345.4857472019;4169.1534468731;4293.7842870899;4482.2649414254;4353.8557536171;4455.8862675399005;4361.4917961497;4384.2363942919;4300.3406115651005;4149.3397230953005;4370.5291981548;4176.0213715725;4657.569759349;4124.3932123947;4031.4348363365;4248.7861897489;4370.4494713007;4572.8331424315;4396.2126642664;4476.5714082063005;4394.5849876533;4155.4235587676;4263.2786622622;4306.5619924469;4647.8577970948;4152.8555504282;4207.0906799817;4444.1550387277;4269.7916696102;4502.9076375828;4407.9558977615;4080.6830546185;4219.6803693263;4318.2192594695;4376.5818212632;4261.3304834268;4499.2395820053;4254.9694698143;4381.3181051621;4377.5535893499;4575.6486555914;4507.3677127443;4542.3579508677;4614.4959122175005;4479.5611007281;4424.3713784087;4334.5028405615;4267.8429994842;4604.3691658598;4663.4266912944;4354.3411381105;4562.1297391729;4584.8289701218;4699.8109394914;4587.2879887031;ND;4861.1486404514;4546.8660552193005;4624.9343917255;4807.3353094933;4934.0875806138;4526.9207890317;4844.9277682771;4571.9794000156;4607.2127786569;4689.6581317807;5132.1389983762;5065.4943875223;5060.8003764182;5248.384144313
63;Zacatecas;Hombres;5534.659390323201;5519.1339776780005;5414.0177923414;5442.2187330139;5809.045656128;5838.7853337058;5572.132578383;5497.6983098138;6065.3917576815;6127.1687235102;5737.7739671887;5637.4695065642;6079.7378159457;6136.6355321792;5383.2577509636;5214.2079004721;5508.0243213357;5250.8700878232;4988.7490187955;5027.992384738201;5284.6157524927;5184.2605986478;5254.4230156699;5328.2780032937;5791.6375745759005;5176.261961160701;5068.154387416;4921.3575010974;5331.8552423496;5181.2381019175;4933.2083341897005;5063.8028442367;5997.6539873344;5221.2337561325;5068.0921780536;4839.748844223001;5144.1629840121;5146.1462981034;4718.155881606001;4535.8792323712005;5207.9958058543;5109.8537803319;5136.624248431201;5174.7869298397;5378.2041255024005;5578.013438616;5387.0420075837;5217.491254686301;5627.5292597824;5586.7427962466;5602.9670191059;5397.2792462112;5473.386977947001;5478.5513021165;5641.5550001415;5521.639558857501;5897.1624030832;5977.0826724861;5683.1012260575;5541.6420872126;5884.299644067501;ND;5658.8043783142;5624.2507595412;5954.637011818901;6121.337857972;5721.9767321519;5696.0997698635;5974.7336392393;6128.8585696378;5778.6869936074;5895.2461142367;6276.8885280178;6358.7183892423;6237.6410221069;6200.31262842
64;Zacatecas;Mujeres;4498.6961655661;4449.0600344006;4206.6735321644;4074.3462298649;4352.9486858761;4495.4703512153;4194.325177255901;4035.0864342405002;4635.0283255696;4440.7654425369;4245.0880965875;3850.1155417738;4240.035136136;3996.2118027225;4034.5283422001003;3784.4603278421;4307.9586855979005;4098.538965870101;3926.7630766247003;3771.016878458;3975.2908678089;4219.351467915701;4579.1164241537;4166.8769494131;4230.4829950700005;4098.3582502048;4262.3988014898005;4008.5520902028;4910.9490571351;4115.1023590868;3960.6981380224;4407.7286804382;4097.6633172251;4054.4402449212002;4165.258945104601;3958.3745154337003;3997.5507125929003;4177.2359082801;3899.0887710692;3726.9522877423;4145.5395570143;4115.3466338189;4020.5741378546;3955.8341197444;4209.3609260077;4677.3483025786;4234.2038091261;4137.2231710699;4254.9342476524;4371.3101687939;4315.281876140501;4143.3251060635;4346.9133362003;4096.0623159426;4301.0290010633;4118.454004635;4501.0238919235;4228.8534877926;4147.7443788001;4228.455969243701;4723.66723321;ND;4860.3458664305;5010.9610391844;4919.3760375069005;4972.9195947965;4756.9266370055;4757.334843345;4901.1839901856;4580.5240542488;4478.2489753426;4468.870814764;4542.1244921149;4667.051521349;4547.7586335302;4644.2473403966005
